edition,edition_id,year,city,country_noc,start_date,end_date,competition_date,isHeld
1896 Summer Olympics,1,1896,Athina,GRE,06-Apr,15-Apr,6 – 13 April,
1900 Summer Olympics,2,1900,Paris,FRA,14-May,28 octomber,14 May – 28 October,
1904 Summer Olympics,3,1904,St. Louis,USA,14-May,26-Nov, 1 July – 26 November,
1906 Intercalated,4,1906,Athina,GRE,22-Apr,02-May,22 April –  2 May,
1908 Summer Olympics,5,1908,London,GBR,13-Jul,25-Jul,27 April – 31 October,
1912 Summer Olympics,6,1912,Stockholm,SWE,06-Jul,15-Jul, 5 May – 27 July,
1920 Summer Olympics,7,1920,Antwerpen,BEL,14-Aug,30-Aug,23 April – 12 September,
1924 Summer Olympics,8,1924,Paris,FRA,05-Jul,27-Jul, 4 May – 27 July,
1928 Summer Olympics,9,1928,Amsterdam,NED,28-Jul,12-Aug,17 May – 12 August,
1932 Summer Olympics,10,1932,Los Angeles,USA,30-Jul,14-Aug,30 July – 14 August,
1936 Summer Olympics,11,1936,Berlin,GER,01-Aug,16-Aug,1 – 16 August,
1948 Summer Olympics,12,1948,London,GBR,29-Jul,14-Aug,26 July – 14 August,
1952 Summer Olympics,13,1952,Helsinki,FIN,19-Jul,03-Aug,14 July –  3 August,
1956 Summer Olympics,14,1956,Melbourne,AUS,22-Nov,08-Dec,22 November –  8 December,
1960 Summer Olympics,15,1960,Roma,ITA,25-Aug,11-Sep,25 August – 11 September,
1964 Summer Olympics,16,1964,Tokyo,JPN,10-Oct,24-Oct,11 – 24 October,
1968 Summer Olympics,17,1968,Ciudad de México,MEX,12-Oct,27-Oct,12 – 27 October,
1972 Summer Olympics,18,1972,München,FRG,26-Aug,11-Sep,26 August – 11 September,
1976 Summer Olympics,19,1976,Montréal,CAN,17-Jul,01-Aug,18 July –  1 August,
1980 Summer Olympics,20,1980,Moskva,URS,19-Jul,03-Aug,20 July –  3 August,
1984 Summer Olympics,21,1984,Los Angeles,USA,28-Jul,12-Aug, 6 July – 12 August,
1988 Summer Olympics,22,1988,Seoul,KOR,17-Sep,02-Oct,17 September –  2 October,
1992 Summer Olympics,23,1992,Barcelona,ESP,25-Jul,09-Aug,24 July –  9 August,
1996 Summer Olympics,24,1996,Atlanta,USA,19-Jul,04-Aug,20 July –  4 August,
2000 Summer Olympics,25,2000,Sydney,AUS,15-Sep,01-Oct,13 September –  1 October,
2004 Summer Olympics,26,2004,Athina,GRE,13-Aug,29-Aug,11 – 29 August,
1924 Winter Olympics,29,1924,Chamonix,FRA,24-Jan,05-Feb,26 January –  4 February,
1928 Winter Olympics,30,1928,Sankt Moritz,SUI,11-Feb,17-Feb,11 – 19 February,
1932 Winter Olympics,31,1932,Lake Placid,USA,04-Feb,13-Feb,4 – 15 February,
1936 Winter Olympics,32,1936,Garmisch-Partenkirchen,GER,06-Feb,16-Feb,6 – 16 February,
1948 Winter Olympics,33,1948,Sankt Moritz,SUI,30-Jan,08-Feb,30 January –  8 February,
1952 Winter Olympics,34,1952,Oslo,NOR,15-Feb,25-Feb,14 – 25 February,
1956 Winter Olympics,35,1956,Cortina d'Ampezzo,ITA,26-Jan,05-Feb,26 January –  5 February,
1960 Winter Olympics,36,1960,Squaw Valley,USA,18-Feb,28-Feb,19 – 28 February,
1964 Winter Olympics,37,1964,Innsbruck,AUT,29-Jan,09-Feb,27 January –  9 February,
1968 Winter Olympics,38,1968,Grenoble,FRA,06-Feb,18-Feb,4 – 18 February,
1972 Winter Olympics,39,1972,Sapporo,JPN,03-Feb,13-Feb,3 – 13 February,
1976 Winter Olympics,40,1976,Innsbruck,AUT,04-Feb,15-Feb,3 – 15 February,
1980 Winter Olympics,41,1980,Lake Placid,USA,13-Feb,24-Feb,12 – 24 February,
1984 Winter Olympics,42,1984,Sarajevo,YUG,08-Feb,19-Feb,7 – 19 February,
1988 Winter Olympics,43,1988,Calgary,CAN,13-Feb,28-Feb,13 – 28 February,
1992 Winter Olympics,44,1992,Albertville,FRA,08-Feb,23-Feb,8 – 23 February,
1994 Winter Olympics,45,1994,Lillehammer,NOR,12-Feb,27-Feb,12 – 27 February,
1998 Winter Olympics,46,1998,Nagano,JPN,07-Feb,22-Feb,7 – 22 February,
2002 Winter Olympics,47,2002,Salt Lake City,USA,08-Feb,24-Feb,9 – 24 February,
1956 Equestrian,48,1956,Stockholm,SWE,10-Jun,17-Jun,11 – 17 June,
2006 Winter Olympics,49,2006,Torino,ITA,10-Feb,26-Feb,11 – 26 February,
1916 Summer Olympics,50,1916,Berlin,GER,,,—,Not held due to war
1940 Summer Olympics,51,1940,Helsinki,FIN,,,—,Not held due to war
1944 Summer Olympics,52,1944,London,GBR,,,—,Not held due to war
2008 Summer Olympics,53,2008,Beijing,CHN,08-Aug,24-Aug,6 – 24 August,
2012 Summer Olympics,54,2012,London,GBR,27-Jul,12-Aug,25 July – 12 August,
1940 Winter Olympics,55,1940,Garmisch-Partenkirchen,GER,,,—,Not held due to war
1944 Winter Olympics,56,1944,Cortina d'Ampezzo,ITA,,,—,Not held due to war
2010 Winter Olympics,57,2010,Vancouver,CAN,12-Feb,28-Feb,12 – 28 February,
2014 Winter Olympics,58,2014,Sochi,RUS,07-Feb,23-Feb,6 – 23 February,
2016 Summer Olympics,59,2016,Rio de Janeiro,BRA,05-Aug,21-Aug,3 – 21 August,
2018 Winter Olympics,60,2018,PyeongChang,KOR,09-Feb,25-Feb,8 – 25 February,
2020 Summer Olympics,61,2020,Tokyo,JPN,23-Jul-21, 8 August 2021,21 July –  8 August 2021,
2022 Winter Olympics,62,2022,Beijing,CHN,04-Feb,20-Feb,2 – 20 February,
